{
  "start": 1000.0,
  "end": 1003.4576092249539,
  "return_pct": 0.34576092249538987,
  "trades": 15
}